"ID","TCGA-LIHC","TCGA-KIRC","TCGA-LUAD"
11363,-2.83309611196954,0.0776877220071827,-3.75353470434287
11364,-1.18427433762097,-1.16336284580745,-0.139466306065512
11370,-0.758319513893483,0.0643260799063692,-0.295421873905696
11421,0.733258378548965,1.81455805088607,-1.86117993074563
11429,0.191570952267995,-0.410203544928831,-0.196291381331953
11430,-0.982750075995329,-0.80650456889549,0.0803642426624583
11438,-3.0790359379746,-3.61983762998314,-0.785452879244983
11472,1.87117981716877,-0.100739114087788,-2.63528761363029
11479,-0.262318836594637,-0.817265351238229,0.409351452542499
11502,0.623507001553233,0.610812598355396,0.609649465009064
11534,-1.29444298803016,-1.07417026903359,0.428099404071306
11549,-4.02135836974741,-0.240251025195974,-2.55929348888346
11552,-2.08949204074158,0.0184761802252634,-0.175276600434305
11565,-0.655366514810199,1.82293484394761,0.995183656462732
11610,0.297640724514653,0.263032704401447,0.0832283835357032
11639,-1.10272549795893,0.22936989685225,2.17936110691814
11656,-0.864376236654169,0.343003546814044,-1.76498204776181
11684,0.309339101915194,0.547112390484763,-0.449973983252407
11793,-0.484588837844072,-0.446822904769379,0.0821889739179279
11814,-1.75732184270551,-2.32322328379286,-0.128471993886821
11826,-0.392302901879854,-1.13920345151504,-2.25477718323314
11827,-0.00542407350551492,-12.1643668762808,-0.135778324404211
11828,-1.78008220378859,-2.08839034998258,-0.589254037564716
11829,-1.12680369710816,-1.3297355434663,-4.13785928303293
11832,-1.49141557094788,-1.7272175052576,-0.762199064511522
11856,0.208396133815951,-0.78369856989094,-2.29405072494885
11881,0.0663341546966964,0.663738312702037,-0.0115843097344455
11898,-2.03798090167532,-1.73707170629914,0.276545256369873
11936,-1.74508187605038,-1.06955339454659,-0.208803986957354
11944,0.343413421169144,0.0913067705383314,0.336388595315152
11950,-0.035921549857976,-0.595647380551364,0.146278690007878
11972,0.215109990211781,-0.627586971112963,-0.613614690035836
12035,1.008753135073,1.18378915646587,0.104635289234765
12064,0.0603077201619505,1.44890881794991,-2.60081500584841
12068,-0.0531778888794254,0.352889469417235,0.793143872737771
12349,-1.57641294350403,-1.53348708073936,-2.29283419015705
12351,1.49419767904037,-2.62185500067865,-4.95798108871067
12359,-1.48123692441763,-1.09092715681494,-2.02615148176687
12374,-2.27945274784053,-6.79703154375616,-0.297375617377029
12411,-1.54330940164656,-1.55356476834558,0.464620198727404
12443,-0.847464428570223,2.10887134095808,-0.304679628379938
12499,-1.101774885258,-0.527596409182544,0.494777821278137
12675,-0.122885035434677,-0.709877094035109,0.215993262846502
12684,-0.496093639826391,0.663264846932767,-0.370023417829357
12780,-0.788593012304542,1.4853477050694,1.15485907167646
12829,-1.42614128924254,-2.30748159410052,-1.86962771150112
12865,-0.639510016009762,-0.766973006363871,-1.64979941303474
12895,0.405593108790315,-0.00725484193227909,0.653123075985851
12908,-0.685587420020413,-0.36182602652311,0.268915032128036
12946,-1.24756981086994,-0.601846743472326,0.0643840314694782
12972,-0.54171994513403,-0.386815743303306,0.226753180460466
13019,-1.30797091184942,-1.2145461846581,-1.0906078226088
13036,0.151484738123383,-1.19955536477013,-1.68339548043343
13063,0.319333601954656,-0.942816962938808,0.666561011303076
13106,-4.29423249210804,-1.0263777249568,0.228491133745109
13120,0.495524021241134,-1.71334760468881,-4.52593642250701
13121,0.114228903811108,-1.21084226146907,-0.927221563699055
13132,-0.0899230007093601,0.678626063370777,-0.958795516436943
13170,0.740856702402932,0.422887693396409,-0.205255026452792
13171,-0.85048808932405,-1.35166992364902,-0.0641378724981726
13419,0.700860809964975,-3.19111109638772,0.734172871524088
13476,-0.358112998960866,-0.332361068847248,-0.429229392932635
13479,0.450029575566164,-4.13037665026125,1.28604930740121
13480,-0.0156873719833886,-0.0878395000524999,0.209618839588461
13595,-0.446157579916893,-0.532376168720963,-0.00358938067686235
13619,-0.421151898147213,0.0275701176240499,-0.472307241659594
13645,1.37195475437215,-5.68176451223415,1.56357634632928
13649,-0.748573619559702,1.69148503951101,0.159546423635061
13796,1.44786106760949,-2.95632192360611,0.365457236263265
13819,-0.758126494220361,0.475425335315835,-2.67157110579569
13829,-0.16388644510822,-0.459228340393967,-1.10373585767141
13850,-1.75727639396452,-1.3685563380424,-1.23166590260876
13885,-0.62077604133276,0.201340944282878,-0.386817139878019
13983,-0.0410945685807064,-1.23659930580797,-0.0160979226447421
13992,0.175453625698859,-0.320806901019284,-0.257160600307378
14009,-0.595522987500328,-0.313745816682614,-1.22222064796198
14027,0.113218438664204,-1.71186753283343,-0.124044155784251
14060,-1.10942968270306,0.218018814802857,0.060332231484138
14077,-0.98827154292594,-0.769375394978475,-0.498667177773052
14085,-1.04839436319154,0.408794557255121,0.146904504874897
14121,-2.93806077162662,-2.13666494189356,-2.00407872968439
14132,-0.971576790667293,0.466177523353422,-1.01814209365041
14151,-0.305867300929294,-1.677910342913,0.23046870326044
14164,-0.495838671602004,-3.69638168894402,0.193253134839156
14180,-0.227598994549357,-7.16672677793275,-0.541731038331305
14199,-1.39037942005329,1.74424323114981,-3.52522468788639
14233,0.115862410803781,-8.52586231194583,-0.0353799148699919
14245,0.0758228595992208,-1.04559076090705,-0.0343879603180154
14275,0.238672145313599,-0.843274917003252,-2.28811139386174
14373,-1.53646646805537,-1.15283287843578,-0.399634548890269
14377,-1.80189974784393,-2.73464738524094,0.0496556976142664
14402,-2.22313880838783,-1.17142051875617,-0.476939679190852
14420,-1.12573776328373,-0.00505180586853026,-0.72359486998342
14423,0.133385844132184,0.743745352767131,0.597379493322604
14431,-0.954854718485048,0.587101472758847,0.698113854479237
14453,-0.634823633998204,-1.75362904015261,-0.383108595019599
14461,0.00454656591806381,-1.85815005925062,-1.9982922434603
14527,-3.83630711942609,-6.90305330913016,0.474126925345759
14537,-0.842361902523981,0.349356347188553,0.191916719937643
14560,0.0945988988525466,-0.0115703919853191,-3.56139786903846
14569,-0.281410340238277,0.325196770586392,0.365428570753278
14598,-1.10700043703017,1.17576020410428,-1.03973646173283
14600,-2.68439391082547,-0.798965219209838,-1.89537332745645
14619,-1.72724458162706,1.48542828628313,3.58721518356035
14661,-1.41060702022842,-0.432250794382967,-0.176797441188948
14711,-2.70726767681061,-1.35213448371628,-0.9791213947099
14725,-1.28711419170783,1.03639054690083,-1.69632748808177
14732,-0.424759929328961,-0.750896930768063,0.197869446283611
14735,-0.710515077411487,-1.00356088180348,-0.141914635744504
14787,1.18952993490192,-0.626881286392532,0.925313126410457
14854,0.144724276270478,0.0425805047736802,0.654736238860245
14874,-2.32060344189575,-0.873827230755745,0.417570574738982
14915,0.128152725846467,0.111798408219794,-1.4745831351887
14916,-0.760453949154589,3.37407034505667,-0.754012037953511
14933,-0.846144398839686,-0.980499629101109,-0.152383045931642
15107,-0.865016934951989,-1.53620810805649,-0.144841197978474
15212,0.353246207443326,0.609246148425343,-0.307950843659684
15233,-0.614628672654297,-0.525192190945141,1.57959213358174
15356,-1.38080962975721,-0.702538833305007,-0.082973468752615
15378,-0.228747826759759,0.403852409608282,0.0863977959323051
15445,-2.14517707141149,-4.15081440267842,-0.724059213071808
15451,-0.884934430423049,0.139497524581441,-0.15982317306829
15473,-1.56371460078821,-0.372776714554837,0.464576794607356
15484,0.632599157678973,-4.34711961943984,0.183776428972465
15574,-0.0692945404237926,-0.0490246291432963,0.462462397618285
15902,-1.80901836928401,0.558128210858052,-1.09613957633225
16005,-4.58019556715144,-2.18270481904086,-2.021041108581
16011,-0.413512312602801,-1.23957702763721,0.43970983629511
16157,-0.159574010605408,-0.772949643270239,-1.38491892960415
16168,-0.251984053704327,0.87720376870638,-0.566079209812247
16424,-1.79554391945851,1.60506181147044,-0.076854022616755
16430,0.531857220840783,0.303222452780172,0.759824574001961
16509,-1.36644432435019,-2.21215762815886,-1.46549160884641
16516,-1.76936727736582,-1.49948915311423,-1.9726625284536
16517,-3.27237144716067,-1.60429916348124,-1.7152490274755
16541,0.303480559248645,-1.77304741430998,-1.88993440729218
16548,-1.5638505903107,0.509964887150114,-0.101310148713184
16591,0.0568798802264475,-1.22118384452442,-2.78468850277976
16612,0.0986751429892582,-5.78651414432757,-0.486672932022391
16661,0.176910125774138,-0.00938956163809429,0.540339319665206
16784,0.0364102309560265,0.183424812871641,0.178134036268173
16790,-0.859133293725183,0.713597411651519,-0.864914528798077
16869,-0.0322956454625855,-5.62625129334752,1.0601240248122
16956,2.32771354299491,-1.31554084807458,-3.06175738715591
16974,-0.258686115958537,-0.671630898102391,-0.372320514664659
16976,0.26944599773194,-0.363893340413545,-0.456668505933749
17113,-0.194632472764014,0.201435194282498,-0.229928754936582
17155,-1.30469171504876,-1.2989124072071,-0.622903082148156
17242,3.00283835123826,0.870480860897229,2.36810148428423
17287,1.72556016139064,1.38625738636521,0.244754194643821
17288,-2.28878126506286,0.100097932422478,-0.00740777016923843
17289,-0.391580750261206,-0.27753338103358,0.0365549591659288
17295,-0.0211992236886443,1.39344632786894,0.720883090048227
17306,-0.603428972343566,-1.21234801291347,-1.07177818489342
17309,1.02473588902192,0.643500487482927,-3.77127184467379
17434,-0.0943800415147414,-0.622188180614527,-0.261438476991537
17436,0.241872155393688,0.214176451584778,0.440222864410656
17449,0.111734101149672,-0.704370464458522,0.134389092301535
17527,0.691215013442913,0.674280062186433,0.115505873969895
17532,0.93357670609554,-0.540434354357838,-0.927840041484405
17536,-0.00539019368689621,-0.919386580685982,-0.776409487066575
17714,0.606424823784514,0.367562479112833,0.172589066408243
17762,2.55455164447999,1.28507550266962,-0.8110772675592
17918,0.434312685332545,-0.00840932036977258,-0.144970736999327
17930,-2.47494626930173,-0.865503345797177,-1.44632302171472
17966,-0.33211430116808,-0.172586150749619,-0.0240724672458342
18010,0.881230268463655,0.318250443875805,0.179171485395257
18041,-0.1275028513897,-0.513222857988134,0.608189136833393
18104,2.54772517616666,-0.46741432855372,2.13380537830319
18194,0.313003678153251,0.245178846798537,0.283914602411636
18295,-0.71796612001242,-3.04998267566856,-2.46095855595907
18399,0.525069736725999,-2.89892438405396,-0.0953651055348144
18400,0.0384427791687012,0.533431373271088,0.937021549161189
18408,-1.15269536515022,-1.19366702976768,0.74179154964745
18426,-0.054512997027624,-2.93603186578738,1.53718185201142
18478,-1.52322466324442,-3.2920948901794,1.4798976133629
18514,-1.07295302894191,-1.69660582593635,-0.672565016418651
18519,-0.577928719082841,-0.578155214847596,-1.16891130780348
18534,-3.45244718493774,-2.9692157967816,-0.0885071436606436
18537,-0.543273366526773,-0.193838425996163,-0.142655662573391
18552,0.362084627186426,0.471316259046685,-0.945031210085636
18553,-1.0241034207017,3.03411699517478,0.495716084406472
18563,-1.24154699569773,-1.01045909405918,1.31514008199246
18573,-0.817768348505605,-3.46854284603287,0.0546240708637153
18582,0.270694640285576,-0.03766057817756,0.331675519460057
18604,-0.467432130791543,-0.512772357350781,-0.429085354839357
18606,0.396748083881835,1.67696608405715,-0.819452332577492
18624,-0.587180293348872,-1.28342215663595,-0.597222462096413
18628,-0.805546793210466,-0.209091127196252,-0.565243775306837
18631,-0.626738586253995,0.0997194465512493,-0.410023735386926
18634,-0.389281638432416,-0.99040047495722,0.0124938887585696
18642,0.340469121995844,-1.01972203028354,-0.213004547170749
18645,-1.27894416347676,-1.68122458652342,1.1196288616367
18703,-1.30216229832917,-3.65722634149869,-2.1047370851308
18705,-2.57761904327837,-7.1170913695683,-0.380443216766008
18762,-0.480941507688292,-0.830448162566833,-1.34548191082814
18777,0.148923179170614,-0.699691959468303,0.809632937427886
18816,-2.0686815247373,1.48253911182649,-0.779143396120501
18946,-0.10407852554205,-0.503912157998965,0.120004264588266
18984,-0.499155956189064,-0.367277852206079,-0.361812220216651
19012,0.326985656705687,0.702552346536519,-0.444588076580028
19045,0.251787757698435,0.0493338154227481,0.378268206639526
19049,0.329324814389468,-5.10827343613446,-0.667931789077973
19099,-0.37559528782795,-1.25987536298816,-0.22319990561634
19123,-1.19674514658667,-2.21899964831354,0.989471372544287
19164,-0.0698621473375352,-0.347030240343562,0.0656242227355567
19193,-1.67176385870057,-1.61488569814128,-0.359499302369193
19218,0.530388342236082,-3.26325426258599,-0.784837627206868
19228,-3.53591892570333,-3.24101228702146,-1.90823217891537
19266,-2.03875885826166,-1.20059362479895,-0.865401483907284
19272,-0.310892629674472,0.604234286113858,0.0217563824743286
19293,-3.10998425662233,-6.21223854431724,-0.740475514178821
19299,-0.725957753249329,-0.934294657040228,-0.120803773450037
19301,-1.06980354345907,-0.669291015403236,0.140835133347967
19305,-0.0550739155581014,0.0154702064349349,-0.603635598924874
19346,-0.329764529637036,-0.031540549579655,-0.167673223792539
19349,-0.186721095980254,-0.215988622214302,-0.253114119478274
19419,-0.387023472110035,0.0409455148640399,0.417124654160878
19682,-1.66785886762154,1.47959936516974,0.0128251475260798
19731,-0.628362274631977,0.847238888103401,-0.638941090113985
19775,0.624903207990974,0.0870395651568409,1.59047121593156
19879,0.703673807193704,-5.75206283527833,-0.454730658289839
19883,-0.94273827649317,0.303344078295659,-1.19325712634201
20256,-0.821249524730719,-0.342929099727953,0.529106291298463
20278,0.240167992320236,-7.78826335273185,-2.18886973005156
20280,-1.42650969928628,-0.425732058027658,-0.113861613796478
20315,-3.59843337036643,-1.60001982074058,-1.08822425737007
20322,-1.54780975119744,-1.4908018162499,1.17787925123315
20338,-0.292578474654414,-0.158418867482582,0.152731024055876
20347,0.691185583473468,-1.88408369300978,-2.49537694024424
20363,-1.02554968163672,-0.41794587087808,-1.79119209876658
20377,-3.41147716096204,-6.81824259053239,-0.680872858050536
20420,-1.04269644181814,-0.490646944502288,0.206328036903391
20439,-0.301687862236189,0.597690289392501,0.336340337804761
20449,0.119226720566924,0.373799543208555,-0.688622126843133
20495,-0.0540807224641141,-10.3575607844834,-0.326737137167905
20497,-0.2138977923094,-7.55407396880812,0.207819763074639
20499,0.783251652622103,0.844328125820186,0.808812074330615
20500,-1.50503851438732,-6.27316152158954,-1.81710332083855
20503,-0.848876516863579,-2.8968948262039,0.797997105917416
20505,-1.43901475698508,-4.33419362479745,0.479407067842415
20510,-1.89026671553846,0.26918873890243,-2.44898365742043
20518,-0.0652356878501228,-0.259279726290619,0.0978982517966409
20520,0.540002456448912,0.415117457201939,-0.126368009702654
20526,-2.30144596763305,1.81334907441401,0.0842242461890748
20528,0.368203048063719,-0.587358888115094,-0.501937167635943
20533,-0.991248670789642,-8.02198320265767,-1.25171662312799
20540,-0.764718158406874,-0.175318235538092,-1.51840135922622
20541,-1.29310938111521,-0.569078453222243,-0.797989025378582
20597,-0.462758593548669,-0.821230654294615,-0.457755825117189
20618,1.60526968724271,0.636839958047355,0.17625048732378
20621,0.158822760680118,-0.54971362384612,-0.364415621101417
20655,-0.82612925205838,-0.38795945486079,0.312710845110487
20689,0.0261000057367481,-4.73394859233606,0.871375856173757
20892,0.704489927601326,0.212624713072124,0.649042072885438
20913,0.751337880084791,-0.721479425497834,0.309289350150058
20917,-0.97339274094682,-1.18877025183453,0.110603823734204
20930,-0.469588200277761,-0.406834710820811,-0.0766077364292931
21390,-1.9248739854334,0.466610267429198,-0.762264573358696
21401,-0.549186630531112,0.719841940419206,0.0695068621749469
21419,0.0608717704483667,-7.88007620117233,-0.182273830841207
21428,-0.0085044986631302,0.0284378190966225,-0.0858128593943256
21452,-0.127498485925646,0.644732129240851,-0.229689578572454
21685,0.734610539462777,-0.793359608230807,-1.26522676356765
21687,-1.68698955786655,-1.45653227553694,-3.05011548522279
21743,-3.26714580928945,-0.9699827236018,-3.77025061767718
21763,-0.339525630762025,-0.196656623206499,-0.436615729996518
21767,0.0648632264973022,-0.821958448134431,-0.217615945653653
21814,-1.15165405295155,-1.47190500652546,-2.61668956017578
21816,-0.441574454938432,-1.21568303151567,-2.64530904055359
21859,-0.277764005435614,-0.887194693060244,-1.68531876896232
21871,-0.0974749119438856,-0.102706906289018,-0.0213853480908535
21968,0.00113727915386839,-0.114122723939442,-0.0885614472876339
21987,-1.27254627144767,-1.91854319717125,0.153855953984506
22017,-0.812015593885705,-0.400421195105653,0.539981886822374
22063,0.0306237731039534,0.339526959148962,-0.248563965640498
22113,0.48451468907157,0.219427056816544,1.99935004741723
22242,-0.100465760488741,-12.6577216802289,0.0430692922240669
22245,-0.146541006760935,-0.0911078955965034,-0.317910951557506
22259,-0.320256655750489,0.895242266602112,-0.355637260871296
22276,-0.0881229524720574,-0.272171657631305,0.268582277998241
22320,-0.348517633497257,0.057871815165055,-0.294773269281335
22337,0.0118305098478566,-1.73448579395998,0.696321272604915
22349,0.0221344587548283,-0.297598212911239,1.93812216082514
22351,-0.215480536183951,0.330741409083691,-0.752369077066802
22377,0.159463168309627,-0.0307405917030662,-0.0763167123049523
22598,0.118490508471741,-0.403771549558228,0.110056544473497
22599,-1.26519772902446,-2.11892428342151,-1.57397502055266
22770,0.252444938854849,-0.545282000212683,0.0595151884221944
23827,0.285697041044299,-0.442293958095478,0.531837012118475
23831,-0.402455559133785,-0.313053806904111,-0.0843097358788192
23882,-2.01717429525139,-1.02155236051948,-0.123624597563166
23897,0.514629291786435,0.250490135154621,0.5250648618071
23923,-3.30197188134054,-0.598183487177509,-0.375093402528183
23945,-0.954067551458861,0.586872127009241,-1.04427436438312
23950,0.417689329726056,-0.199379495632956,0.143744415078642
23971,0.374341190865967,-0.599043936870195,-0.876169993672957
23972,-1.03526396902297,-0.617741362267668,-1.52559828136677
23985,0.143416711194222,-2.41611952300133,0.28082878104713
24017,-0.279081376284989,0.113318600030302,-0.669976507082323
26371,-0.0386759217441488,-0.151860576718065,0.29463882460634
26378,-0.321644535917581,0.68168276811839,0.884637729364147
26379,0.147164886607802,-0.520151652910235,0.0308069947212559
26380,-0.520580891444138,-6.44970462796665,-0.140258036781456
26381,-2.04184047264414,-3.46632504981957,-0.275250285682721
26384,0.379862192915169,0.0587011304295857,0.498501590325039
26399,0.00881724804247833,-0.560545015175233,0.552807759511503
26420,0.190679869364098,0.281379661822854,0.11771847694589
26433,0.985436891198627,1.43949298385973,0.366856055641823
26450,-0.342375348021198,-0.0790925728425946,-0.0345935097674173
26458,-2.01844586506443,-0.500578872783358,0.834025991530215
26896,-0.0893213649239065,0.0790781281804222,0.698073597312338
26944,2.27549720442772,0.379217896921569,0.924661138978665
27045,0.00221596997160923,0.185772077232862,0.357934637015632
27052,-0.860261348848074,2.7254161355379,-0.573100605589682
27057,-0.51869704275805,-0.212288606001053,-0.406106126166168
27061,0.676186321223331,0.305837167399237,0.206202495963621
27096,0.0726912906581742,-0.0074507286458338,0.164491403147023
27205,1.47509826930387,-0.951589851060894,-0.973553496403301
27219,-0.00145858769980658,-2.11508848099508,0.860472919926361
27276,-1.76843207419235,-2.7779541662533,-0.84394743164065
27356,0.251041419894131,-0.586601294871172,-0.0603509759773548
27360,-0.6057842558069,-0.492679851958639,-0.350981672806897
27361,-0.428612129862735,0.0859102759851983,0.728659620954128
27362,-0.416217120154777,0.809248316974237,0.0787693597258739
27376,-0.0967458404306687,-0.964997195138446,1.56192090282744
27410,1.0061603498217,0.600906787175083,-2.97641564035121
27883,0.397976439831704,-0.0364725540877285,-0.556939837260221
28169,-0.147995519489117,-0.358975382650453,-0.076082799067685
28295,-0.772307157969911,-0.614452577760094,-0.0818191289021208
29807,-0.81341194834578,0.842182553567867,-0.76729925923294
29811,-1.54731304246149,-1.6998514067149,-1.77503716056002
29815,0.270181486441366,-0.931655196335226,-0.154658545915739
29864,-0.412917411560649,-0.430376382872695,-0.414133044407119
29869,-0.58376403747352,-0.0248889654625013,-0.872466731430939
30045,-2.51902000749842,-0.988229648420524,2.2137828177581
30805,0.956667731988211,1.05408234652638,-0.947683527877748
30931,-0.58548614772766,0.0129803863437261,0.131977351285469
30956,-1.55792129610101,-1.23355503944906,-0.373311174661577
30962,-0.620182741309366,0.0908401330163828,0.260048604218866
50490,2.17383630873208,-0.600087486425194,1.21512499017724
50753,-0.750890390927775,-0.401050172346163,-0.38080462573395
50799,-0.705894622279823,-0.198957002170054,1.01596301692335
50934,-1.87640695319363,-3.63890966643736,-0.813992900740858
51813,-0.462777587691098,-0.558493105055217,0.350047699533377
52014,-0.520556098625534,-0.18830805305786,0.00898775292990799
52076,0.623650612436466,-0.375730569423346,0.165698609125881
52466,0.40552938471512,0.0843766500804809,-0.0674259383449075
52538,-1.62199211206403,-0.259778783602116,-0.831626989616171
52585,-1.46416825047455,-0.526535245338445,-0.262113305689607
52633,-0.708089201801243,0.220882120953547,0.478029823549919
52637,0.0433354699717445,-0.0678377965604569,0.408104876746504
52670,0.145961063963011,0.0771746316676698,0.0853785941023956
52685,-0.577385562459203,-2.05188426016243,-4.40402269440454
52690,-0.424126487809171,-0.429647422267768,-0.566522007915373
52815,-1.45556591560185,-2.58047780448817,-1.04122843043468
52829,-1.23017466574095,0.962378520858488,-0.798051411652109
53374,-0.175394603632554,-0.320335207591694,-0.109771712000744
53376,-0.963951063452292,-2.49952278992094,-1.125005382805
53419,0.451847049621268,-1.75763905021121,-0.646409812421248
53422,0.385258204540621,0.0082652077499755,2.09043937318555
53614,-0.601469892119964,-0.0494871307048455,-1.26662932401034
53618,-0.37829473161692,0.091795948942758,1.35691853644677
53972,0.190026140967362,0.717909800106997,2.33772722417609
54140,-4.13557121966162,-1.26915072720092,0.196912268677999
54151,0.700933563546845,-0.332273045269876,0.216700905960962
54381,0.576816915812018,-0.276572314876118,-0.633957759021399
54447,-0.335410873223386,-0.619917553002482,0.685440337883007
54473,-0.290231706804838,-0.207208499327825,-0.550884717267592
54634,-0.0502086446106257,-0.89096946353284,-0.0817937402205988
54683,0.145117961942143,-0.249964343519002,-0.556727353102998
54720,-2.41076749591068,-0.922155589475431,-1.38597910787772
54722,-0.07835713362626,0.0961310124251627,0.774924376550893
55927,0.932620587775774,-0.0798774371081261,1.27862418352547
55938,-1.25174228242767,-0.526190146813573,-0.208333269873768
55983,-1.48564874688352,-1.65537720955558,-0.842528583472357
56018,-0.28063726932693,-0.674005089917446,0.13807326224174
56046,0.083803944593312,-0.230469627998452,0.305486816974172
56078,0.621821259150368,-0.288593696305851,-0.656424538894897
56089,-1.12882312154663,0.298172264358356,-3.30520493541438
56185,-4.61429176072349,-1.83780300787199,0.0298719238830186
56213,0.0579442467968054,0.797493640385395,0.24867713096085
56215,0.0993220389865682,-0.0869645679191685,0.148343015735259
56315,0.0856200906433191,-8.71757352354812,0.65309206852757
56336,-0.402977643720099,0.669993423098476,0.222101279106836
56357,-1.24705602399214,-0.87964964487434,-0.706895642733752
56358,-0.551133844493033,0.501484683002242,-0.279480609464731
56367,-0.212901304956203,-1.00456874726552,0.42938877151637
56368,0.380225741990922,-0.497259460855824,0.140334205669531
56373,-1.33829400712811,-0.0284533693654279,-4.61447878968546
56379,-0.207761827892938,-8.72912151624042,-0.0742496065731285
56398,-0.809400975430379,-0.98755449148341,-0.51933427663205
56445,-0.275733230255978,-0.0363547578904572,0.0904346000267351
56468,0.34681855404902,-0.0743280619057658,-0.126708233063154
56473,0.412398055033862,0.570508396979348,-0.138514161151298
56485,1.48817355419546,2.69738997424297,2.1953633554359
56494,0.439962132668124,-0.314117478555765,0.43796539780901
56535,-1.00843132562356,-0.656682951044802,-0.193405787980961
56690,-1.20779625569305,0.394001118191633,-0.379714241138968
56700,0.980937160573698,0.34856064825675,0.826195205219201
56717,0.139464356181086,-1.04506337248856,0.444387754330826
56727,0.792240488536136,-1.45112220040852,1.23797120461271
56736,0.09601792484843,0.0646165298539048,0.0736885627643582
56786,0.0498566324004779,-0.513921530732752,-0.512328183989692
56838,-0.132702381389477,1.213359323628,0.329996161753539
57319,-0.711267501833706,2.00090893481214,0.652611330111889
57344,-0.360171894195295,0.053277360330701,-0.0395129809505435
57394,-3.45131922275025,0.117959206503421,0.205688196705908
57440,-2.19212979292122,-0.914286939613648,-0.0163308940747491
57443,-0.211971796578104,-0.305001281942776,-0.217522345681319
57740,0.103612790315665,-0.103313186148619,0.0410433212202439
57764,-1.28761098354198,-1.64210175616275,-1.63927038324461
58176,-0.964889706385267,-6.70026556481542,1.60139157377082
58185,-0.899169575521302,0.371853278845975,-0.55064155696726
58187,-3.26330418989972,-2.36223582472908,2.2660307617175
58208,-0.564720464823352,1.4501988656855,0.286221730662099
58245,-1.21422676126675,0.324570089044771,0.670809861764683
58799,-0.474132571699025,-0.398175100321188,-0.662852136730746
58810,-0.428899862357493,0.032791274445995,0.295639427524138
58866,-1.76964089354032,-2.26332685038197,-0.421718407971338
58875,-0.827632309703985,-0.907935398304966,0.497949192527678
58998,-0.986628155654101,-0.0174055837310174,-0.864537950820474
59010,-0.384573766156003,1.30293850033746,-0.275551106383312
59020,0.451663149274605,-0.550764359247304,0.108457858561288
59038,0.608788786271531,-0.629978234373918,-1.34960310614443
59048,0.0324471016516109,-0.113015914550834,0.44076937933063
60455,0.150989635187026,-0.729660377212849,0.592150403740501
60525,-0.170583507451702,-0.567082182233915,-0.829962953593284
60527,0.503284624139208,0.951347881247058,-1.05573389292771
60533,-1.14535294365096,0.349770441964481,-0.845189813231967
63828,-0.109999883589071,-0.890546672173151,0.0915513981132701
63873,-2.66446341763123,-0.162102064036378,0.042125660253794
64291,-0.605596967736688,0.170230906468166,-0.62665512370332
64293,0.724661059652606,-0.139970244043925,0.635353737828041
64297,0.0307419353217512,-1.30351582654825,-0.185408450709121
64406,1.01220309215951,-0.77218387632966,0.78910850885125
64918,-1.07559677290579,-0.183070181426087,1.01372078329196
65086,0.0192575334864598,-0.652921408657482,-0.711590816727743
65113,-0.191293450632193,-0.477134817842003,-0.0793398466333589
65969,0.694697391255709,0.86709445209019,-0.447235537374118
66052,0.136346747451927,-0.625151768031915,0.447138043523641
66105,-0.471651525645312,-0.036660559661725,-0.0895215915514127
66114,-0.170718446375104,-0.260674092169096,0.169916382162649
66153,0.032057621704891,-0.804019574608746,-0.107887890852447
66179,0.0984951260579963,-0.0400181257551003,-0.0154684867093904
66214,0.28887678182216,1.58297388390061,-2.87487720489811
66259,-0.167826766701754,-0.8642544431456,-1.19175182792115
66273,-0.263027110696107,0.154139984026906,-0.651909276529865
66329,-0.976174294579821,-0.717839769736384,0.133444560471514
66333,-0.531884906623932,-0.451038115738543,1.08365074629973
66388,-0.412247943684427,0.251431029906445,-0.128158855980571
66397,-0.479412752928453,0.130002487463763,0.244835502794622
66451,-0.679073847570915,-2.11076134217959,-0.0017075231473105
66469,0.564050144486253,-0.126439851307987,0.27624757591608
66496,0.399204451422849,0.182791615759789,-0.27826676485311
66510,0.2022717719114,0.666431084760243,0.517881240176634
66522,0.335510057733593,-0.168068328124498,-0.373488143160374
66552,-0.201850594089961,-0.396324220375319,-0.0905501386315684
66616,-0.74682982524744,-0.19900346195696,0.791022774961655
66725,-1.55275304659934,1.08039716064649,-2.94291100939548
66753,0.346804830102276,0.193931490049633,0.192038484310793
66790,-0.325261833652779,-0.823283039200075,0.869539995974341
66795,0.434431836103799,0.149726264226991,0.227865470457235
66841,-1.56553987401259,-0.683472006598931,-0.140761326453268
66847,-0.459499907606485,-0.446866662612813,-0.525117581334688
66849,0.150868013986594,-0.362089690772659,0.0209077290737417
66859,-0.616986994784431,-0.356335358142581,1.33034081801617
66887,-0.781937581621807,-0.138429140956681,0.379227260175008
66901,-2.28733169424586,-4.03213329767818,0.0854318636474489
66904,-0.543052860425904,-1.71198281408538,0.49934423977051
66948,-0.385394019614724,-1.13911146745074,0.75152802893539
66970,-0.189678937091879,-0.076809215910002,-0.804402969558303
66990,-0.200635847078896,0.327497797655901,0.282230946741041
66998,-0.43288709830398,-0.180880915988175,0.322026120536213
67041,0.371238688831117,-2.13146127766722,0.295036832680807
67043,-0.492140732429885,-0.220721650809173,0.424873931039165
67046,0.724523707899523,-0.340443423104846,0.74225705093493
67092,-1.47675407591961,-1.20876146401995,0.240751963135068
67131,-0.984024572681416,0.317400367510432,-0.423699935408729
67155,-0.72776148799505,-0.834035976073819,-0.910809319563781
67171,0.230834375270667,0.107689031744853,-0.0972336219817035
67198,-0.0628367793779223,0.737324703432789,0.577885173759707
67210,0.301687012684087,0.247783273118046,0.164091592955271
67283,0.556101421424222,0.209531548521894,-0.015475048927718
67345,0.00896586785206948,-0.0208802061014985,0.290657554970264
67419,-0.945671454771403,-3.53497107100604,0.808532583662587
67420,-0.378095408466444,-0.16090006551675,-0.0674786330480848
67432,-2.59827414747831,-2.04891585657014,-1.13506730267139
67442,-0.763918687707074,-0.112975315351804,-0.364005349522482
67452,-0.489105709729634,-0.631276258692978,0.123453345230232
67460,-0.753323730597194,-0.677178865207949,-0.303444633116548
67474,0.0274771723807675,0.119247516441236,-0.0572931240093888
67547,-0.943803948734383,0.330103074696099,-2.52561199317768
67579,-0.735843365366737,-0.957303519727975,-0.393871987526669
67602,-0.376960008241489,0.0840475643938184,0.039892974399084
67623,-0.169740312858121,0.0268255601894327,0.13201926601368
67636,-1.05349185117858,-0.692572207720117,-0.387025652862955
67680,-0.90288684277589,-0.749412137376304,0.156534742509141
67713,-0.253711274094904,-0.802619388691367,0.0227518446755917
67732,-0.0435290037516438,0.452617375869621,0.368860020423224
67758,-1.27618626166712,0.112910881269139,-2.63021404608455
67800,-1.52683736285928,-1.38906450429112,0.427839700010186
67826,0.44885082954495,-0.0499558580378145,0.59927666575615
67830,-0.182169759239341,0.0186155148783732,0.383253823629151
67863,-0.220102868504007,-0.403367659214214,-0.367808242755097
67876,-0.357316825301324,-0.342927462769377,-0.0349697292463832
67880,-1.42627878528203,-2.11762125096525,-0.215718881217547
67887,-0.888485484285249,0.561004900006801,-0.568211967499711
67892,0.945941728779025,0.0237265312657903,0.877283389736755
67893,-0.397813600879711,-1.40355105812155,0.120902811412007
67894,0.300065318026425,-0.579895395338667,0.477018696838265
67914,-0.429693093021655,-0.507326814507973,0.419405147780811
67938,0.0845373148956488,-0.248272966135018,-0.400538109608584
67974,-0.0659079703082267,-0.0157183282162661,-0.213527674039972
67993,-0.590223945783598,-0.618889066705163,-0.231991577042026
68027,-0.384245846263921,-4.13439123176643,-1.91267402804141
68055,-0.19566337769897,-1.11015949001189,-0.62180440562944
68059,-0.128785850170442,-0.348801266048618,0.11032721093537
68070,0.6627745636647,0.298864213117744,-2.59842911342153
68090,0.00884267371642731,0.205292894122739,0.637133473075915
68097,-0.3878840618424,-0.938912031220212,0.124062763654002
68098,-0.504353156123095,-0.0871044379954154,-0.285055335040082
68112,-0.154244888505682,0.228437272959141,0.550150102990266
68126,-1.0924770092363,-0.63836235915355,-0.0384561197596597
68151,-0.651610031073277,-1.47558411963492,-0.477591550197396
68178,-0.689170953885159,-2.3566846557336,-2.49079860729586
68226,0.427293771353739,-0.0656848928811023,-0.00222737877168712
68241,-0.0921865215082757,-0.197280061770837,0.559873085129175
68263,-0.224399770234251,-1.14616235101001,0.0365348542178397
68311,-2.13746671712141,0.72890797374138,-1.16320860993794
68344,0.0210275049045829,-2.26387571870731,0.023341047853316
68347,0.0578732106917983,1.31235982730175,0.506244233409302
68352,-2.58529088617813,-1.82162553820096,-0.0345184640802982
68416,0.166972573300685,0.033767952021848,-0.145890687473495
68440,0.517307706973974,0.925876536832845,0.71224378573431
68472,-0.0299879389266053,0.0529716520632005,0.156933022411539
68526,-0.115696674595251,-1.34257315762836,-0.0490387233528241
68631,-1.19014698856026,-0.862280116493469,-0.583230647099719
68636,-0.330262928347036,0.236619513551158,0.38544109995795
68671,0.0824196781483923,-1.39343007212053,-0.0912514869699649
68680,-2.53488985015162,-0.667874885856247,-0.625136982421834
68738,0.00854791693516702,-1.04683251263798,-1.10486822422188
68755,0.100014122786018,-0.740443312211129,-0.31883714436774
68775,0.538861583264788,-3.84527191145971,1.12595396344622
68777,-0.713676280824252,-0.908417944301316,0.0689188145002301
68842,0.347879628970428,-0.276138895581563,0.393967328966825
69046,-0.360111135735164,-0.458321500972163,-0.215691244312241
69090,-0.240092641436242,0.24919729488055,0.291145649563741
69129,-1.28593216087947,-0.529793500461313,-0.713400400809454
69134,-0.191611166563737,-0.00717441146710976,0.217408464793106
69227,-0.147205847353776,-0.189581318281103,-0.0866232662837649
69276,-0.739967167325999,-0.219239713458719,-0.178803313408486
69288,-0.170161308361703,1.21217012485819,-0.300725844857273
69379,-0.600208463101305,0.615479790671554,0.116215252183041
69454,-0.142336207255769,1.12851466414497,-2.84869322057507
69574,-1.33292526504313,0.0877714986563793,0.586451723185822
69698,0.691610213182645,-3.63225163955574,0.618511125469512
69742,-0.59657337187448,-0.188157607804857,0.190012226537019
69754,-0.402256793581052,-0.218962572016861,-0.477854597670386
69824,-1.97150607274853,-2.41848915658351,-0.358354551045394
69865,-1.11752856678966,0.951809543379038,0.127630795142665
69993,-0.816940200180024,-1.64301046174419,-0.433923954854994
70008,-1.87340773410228,0.656066659741036,0.409325455348501
70059,0.0184440053065267,-3.059628742077,-0.706782721407693
70129,0.221209140352663,-2.59822523806317,-0.063447915176596
70209,-0.131175723642987,-0.22728916905548,-0.256465371124664
70316,-0.130537040721925,-0.0941607420001305,0.462334144385497
70355,-0.220422421669777,-0.871213086915232,0.041325020108871
70456,0.352924653345503,-0.127283289081625,0.213405540623996
70484,-0.207743626545313,0.0875569667670743,-0.255501736421805
70495,0.228348973540219,-0.444262081574896,0.0724154611653527
70503,-0.794187425826076,0.615861584861834,-1.52876668279094
70510,-0.313019037580412,0.0816476554665452,-0.371867641028508
70549,-0.298788674302673,-0.882415599343904,0.126454798121087
70551,-0.130394343998255,-0.55865002322217,0.999653540198731
70652,-0.0930518124309915,0.773407993247529,0.311395854023629
70757,0.187243325899107,-0.74779810738654,0.128319241178214
70827,-0.0749812611072326,-0.525945802122053,-0.79277259817442
70979,0.159182451388358,0.0268971889036997,0.503561465475843
70984,-1.21277839410321,-0.5417008660016,-0.421208951201955
71279,-0.0975811543221582,0.456222284290659,-0.0959597201959312
71306,-2.3971012415456,-1.56737702778466,-1.83995543360923
71382,-0.115795092708918,-0.378474448147865,0.369774620610833
71538,0.106879737394916,-0.514421856672381,-0.364076365287593
71562,-0.457380834907476,-1.25525337933226,0.283901250778767
71564,-0.858103648238272,-0.667480509887483,-0.0145573174017677
71664,-0.764341389661858,1.62083138070987,1.58036501793473
71670,-1.21998727793571,0.349640228461712,1.32428180770764
71685,-1.20904637137599,1.20253734985591,2.88495281754872
71706,-2.1051956476229,0.0882767801940006,-0.407321732200443
71707,0.0425720596358131,-0.257587576430436,0.27689275000788
71733,-0.0314390737023408,-0.779593918157558,-3.68616815394901
71743,0.154436982015605,-0.353905583249041,0.581307604879496
71755,0.863395071674264,-0.753340649713833,-0.55458083059289
71764,-0.182663139427674,-0.517191749861965,-0.437254535126036
71777,-0.353437635724667,0.408876999563407,-0.336693917909949
71853,0.370859131675998,0.334190894389102,0.986262298800517
71862,0.241639385433217,-0.697278593957576,-0.0336616618229347
71900,-0.0750668816585777,-0.442347940818869,0.940315600235317
71904,-0.151248298497522,-1.67552841080831,0.272418710236973
71911,-1.17160492866733,-2.84733916518102,1.04487080232714
71973,0.544087833431746,-0.331794886142605,-0.129176329373605
71998,0.534012393494431,-1.85394858979386,-0.410757985074072
72002,-3.20920036958897,0.329711099267598,0.276136238353331
72039,-0.604344645534497,-0.982790643775365,-0.541370161918455
72040,-0.799498676245912,1.8137418714402,0.0791764816140528
72269,-2.24095377685574,-0.16647915906801,1.46794397713492
72273,-2.74823083510109,-1.10741200956241,0.707292497315225
72399,0.144218418547175,0.185355583330107,0.164905634946914
72433,-0.698040360848263,0.970883428548326,0.639098103715453
72503,1.01328392608143,-0.479039362955282,-0.0111841117239748
72621,0.657169320113826,0.30124785129096,0.876654114851512
72685,2.10655826894312,-1.11722091799128,0.297115940489069
72747,-0.574330318664604,0.537035898900818,1.22628710185701
72748,-0.0166668337344528,-0.652387347575127,0.790156404622818
72899,-0.250661006585318,-1.03742336138944,-2.11086602078759
72972,-0.339908452490185,-0.0673630237994139,-0.282742200163371
73095,-0.737803879425664,-0.0646260936284165,-0.715385020985203
73102,0.496739913666181,-0.592600922658608,-0.452524509275249
73132,-0.869614892332206,-0.0815857993270627,-0.0246070500353426
73453,0.866831540060795,2.1687608382273,0.120041275211095
73724,-0.784784712724422,-0.702394686327002,0.0914778127763672
74008,0.188040338675727,-0.00365456375004737,-0.170595718644754
74020,0.131324270696972,-2.82758771377551,1.88365450678143
74129,-1.98249201871546,-0.488466113475381,0.885341148628513
74143,-0.149308266683053,-0.39993596811841,0.492634599056422
74147,-1.61765773479378,-0.154646524392573,0.112500591458543
74155,-1.83960567213875,0.474159791904243,0.69584183916336
74156,-2.19722889588811,-4.72462034408426,0.0847240932852871
74182,-0.40417880163717,0.269528810061309,-0.479900282850155
74183,0.555058146739934,1.94793392832407,1.71650734878717
74309,0.918063511188626,-0.379064605638487,0.468739837159579
74318,0.544209248160529,-0.0716696636595387,-1.33721992921812
74320,0.000444741343291759,0.194108037915107,0.147929959358588
74325,0.078840551867461,-0.032080719268585,-0.278182420665732
74338,-3.8941180756954,-2.98243087172041,0.187476807591561
74340,-0.00938127621762854,-0.931010173751716,-0.636136548099303
74440,-0.0489302798183372,0.688445499240082,0.0999346305367268
74478,0.344937111803789,-0.215991704423148,-0.282255421207376
74577,0.371205370292436,1.38972368134518,-0.249174272107341
74580,-1.86465863980307,-0.195205708070433,0.205183738765773
74769,0.225941642295063,0.0567279892011734,0.252139447501461
74770,0.40426201218779,-0.49474133120383,-0.452650106305645
75007,0.463387865579309,-0.819485286591171,-0.0201116868124459
75104,0.0636096998705975,-0.073865271189535,0.0572821948799397
75396,-3.54828317002802,0.0674177904239131,1.28909417857728
75552,0.13111973186728,1.98989575976392,0.100317825597315
75578,-0.0669267450436773,0.43248828585996,-0.196880849378587
75600,-0.0532387293901621,0.875206404119554,-0.0281682756130227
75734,0.240492362224206,-0.333349350406369,0.409935737198083
75735,-1.57295292010159,-1.46144279143593,0.269870369833356
75785,-0.264510105952044,-0.0694553158813747,-0.281791012751408
75909,0.10748598234846,0.518828447829605,1.12625413071413
76051,-0.101168172008459,0.0323800197344605,-0.971707830798132
76187,-1.12634003080069,-1.70287375312992,-1.40922617515319
76252,0.0961597545885707,-1.52412899970412,0.22871335192514
76260,-0.381219699220033,-0.50070265787634,0.35229900549027
76263,-0.130882611687759,0.18096054161391,-0.0747956171231588
76299,-0.271500535529131,0.0939869467036556,-0.0924372938018663
76459,1.8906863324329,-0.523662159104882,0.200382429407088
76467,-0.220311183874803,0.317522455131046,0.0331279020880082
76491,-0.555397703245574,-0.806234240714907,-0.429778953621625
76560,-3.11369997747693,-2.10280786908498,0.100501510160598
76574,-4.18232182682406,-0.051060181121815,-1.98835206190625
76654,-1.53878697941076,-3.0815808775159,-0.0346571335905574
76884,-0.898415990765439,-1.96828485252811,-0.393482794537014
76897,-1.44733045807266,-6.94743208700534,-0.151890039739293
76987,-0.54446031786199,-0.588442669463108,-0.387976655260224
77006,0.0647660141707794,0.233810602227633,-0.30249412646674
77031,0.0865801569352011,-0.124313528877567,-0.139056307217489
77219,-0.0600788917932608,-0.630147287128729,0.0983166843428782
77422,-0.128097312537509,-0.331726177994342,0.137749473259369
77462,-0.135762870319469,-1.54625950448811,-0.587855242732236
77522,0.201794934870107,-9.53155455744325,-1.70627810578995
77583,-0.954837480903481,-2.11730934602856,-1.49974987676069
77733,-0.259508821679113,-0.0661790744101626,0.19409321038789
77975,-0.0137468231011806,-1.10063924339754,-0.330793961170407
78038,-0.593448566960326,-0.721632763128861,0.623432029044176
78232,-0.505789114728507,-0.386007173673943,0.118800268101319
78330,-0.163349625119571,-0.271378271976395,0.130354319711223
78709,0.0506266330313414,-0.111608982477846,0.0668250549286995
78785,-0.219316027632404,-0.928330903947818,-0.531834040727566
78894,0.912996159531145,-0.684762629662432,0.335433529340479
78914,0.119459125306742,0.627993760485451,0.197791111502102
79196,-0.203393140802225,0.219403927487438,-0.257202575725683
80385,0.305111655313738,-0.760618817005535,-0.142170850404688
80517,-0.0932759676132925,0.483870874572196,-0.0268085353139114
80721,-2.14689663042816,-0.879360447044371,-3.23623278386417
80911,-0.458322390016681,-0.038087671487413,-0.0968892726626909
81003,-0.147004336911848,0.328520170195515,-0.0229412399057114
81535,-0.836589648418794,-1.2680675862914,0.0941449112051648
81799,1.05968947845765,0.438694453719677,0.593304187479562
81907,0.624624281660491,-0.0775797666348313,-0.753354491704345
83429,0.0457935392409773,-0.481741138910321,-0.0807490808836985
83431,-0.933887480998175,0.349753502282217,-0.516773982325872
83924,-0.321191298142804,0.275815069954339,-0.0987904992875336
83965,-0.837882683519924,-0.978246496179837,-0.122719285032464
84092,-0.139203020388902,-0.230821405930147,-0.249433831424829
84112,-1.33448728569623,-2.3759456413804,-0.292875192939572
84704,0.218274536656641,-1.33722325753012,0.0122297767683124
93732,-1.60236341138495,-1.24629116906381,-0.348185268286647
93734,-0.322611331378995,-0.599337625821729,-0.105431292273173
93834,-2.06288039207422,-1.43603927070226,-0.413606333688328
93897,0.918854363408354,0.105130707861885,-0.199097540795182
93961,-2.17991552349691,0.165952970931296,0.212925311701206
94185,0.295396527679201,-0.00714182798259697,1.85196976110397
94224,-3.42932962960521,-1.24125964519396,-0.73359833198658
94282,-0.747354143009614,-1.46861136858753,0.239974314774951
97820,-0.320847888812597,-0.282665792741101,-0.132869443342504
98256,-2.64858864739651,0.673264850167928,-1.1170099199791
98952,-0.767210111915985,-1.58730475165423,0.44918721610809
99031,-0.8075140243295,-1.52076661734308,-1.63518397255053
99586,-1.23015337262209,0.0720932317460536,-0.560358893540413
99887,-1.41817170295693,-1.23130554790041,-0.581696373858476
100061,-2.14836040790178,-2.5297437276926,-0.953106818729798
100121,0.0537565773459981,0.302015623417059,-0.271034221440155
100163,-0.702954516362928,-0.919471321435862,0.0711714778455631
100201,0.066906239017502,0.0425680441067427,-0.585398102931235
100637,-1.77486791515973,1.20671338321672,-1.31406187424377
101613,-1.09764468356256,1.30852550467838,-0.047878149203413
102093,0.0261843261029463,-0.659165494531238,0.0557825611486758
102103,-0.650101268248396,-0.691319593388279,-0.190033402348356
102371,-0.971930847005837,-2.68940988720361,-3.1086316100061
102570,0.172263911387817,-2.63892652845189,0.0839011879550621
103149,-1.55396835068708,0.575458974682554,-1.0339449184575
103694,0.090064874300713,0.00415068159240182,0.460568889211858
103711,-0.636653957007647,-0.664583690544354,0.608932007567285
104156,-0.118739446301316,0.360533674954449,-1.06794899415697
104174,-1.45858392349546,-2.83771169807582,0.942101845167372
104175,-0.0225917840477001,-1.94298166272462,1.66643653373218
104662,-0.107886064902049,0.51556522200698,0.45897734522138
104718,-0.905878565393145,-0.323482533405269,-0.865318379184932
104776,-1.85808246307839,-2.61007646878283,-0.100049980139091
105014,-0.093988445586393,0.141759511916547,0.0534565437256548
105355,-1.56064648399312,2.38994396012849,-0.585253419575344
105428,-0.0196991411335482,-0.187957314363397,0.0511969709172954
106014,-0.509648052050379,0.897616339886557,0.202427887911381
106068,1.110751235299,-0.812470853079828,0.0742321454063643
106407,-1.55897919664565,-0.0145403769182426,-0.192756546842822
106840,1.11112778494897,-0.169763746976218,-0.876109993828065
106861,0.0710914701084028,-0.773187891896071,0.363768559120977
106869,-0.288363489821592,1.05111522586633,0.193287456666113
106877,0.488385233374654,1.31737606888915,-1.4609497687292
107022,-0.527847764790393,-0.144080921839205,0.802587880205707
107568,-0.26082994245587,-0.435644564277875,-0.107770221574134
107723,-0.213340683956538,-0.103861852274565,-0.463935852551467
107747,-1.36524981392244,-1.22679186469623,0.591731263820514
107766,-1.5680177861086,0.732259629162449,-0.614646382595691
107869,-1.83669218919605,-1.70662595963292,0.88774539676159
107971,0.550463267527045,0.230359287750107,-0.0556660940588665
108017,0.124899172111315,-9.70496686152818,-0.90694337296696
108030,-0.607733228353582,0.212567969339234,-2.60616357059571
108037,-0.5320421425164,2.08690125615193,1.19734238542237
108114,-2.1714887649482,-2.96449188376395,0.00934833446158891
108116,-0.0257378552143858,0.0445236112208046,-0.804286984840152
108156,-1.50421363521219,-0.285714561251919,0.553499662929905
108159,-1.06412207596493,-0.236104122319836,-0.141480806776933
108645,-0.240295284118959,-0.0882223603038871,-0.148621645740942
108960,0.190169335694198,0.45483586085598,0.842266106810703
109019,-0.300932288134837,0.904471076460032,0.395277916605382
109079,0.158153750461182,-0.458894405220407,0.131727437758702
109093,-0.320838097759207,0.271215916424933,0.0282209182895531
109108,-0.113882586139829,-0.78240332520697,0.153391151420706
109154,0.633888578715883,0.844926075273695,0.175331024649329
109218,-0.996400893910879,-0.569896035601852,-2.48801556186168
109254,-0.208937495836701,-2.32166053612083,-2.11643768599862
109299,0.403597260295942,0.136995242203307,0.254251769958324
109342,0.0775741408245283,1.02321893336705,-0.0314565910140699
109575,0.534224535773135,0.0527286440001975,0.345612610349631
109652,-0.626822528110841,-1.65882351725905,0.444609240188721
109672,-1.22248849246475,0.229357589382454,-1.43729357126638
109900,-0.824018185425276,-0.337069023752025,-0.142001408424121
109901,-0.315652554397668,0.746673242202555,-0.232543811233692
110095,-0.644534189659509,2.0899218203166,0.322401705814861
110175,0.415291315976121,-0.319076095239494,1.29943857742853
110198,-0.180471749153585,-0.229042857526383,0.12421154800519
110265,-1.52731258721208,-0.737509927191726,-0.719234310947797
110391,-1.10229142709717,-0.648904056149124,-0.931976894133203
110821,-0.918018797296102,-1.40495143126803,-0.150762254724473
110842,-0.532327730971924,-0.488286335966814,0.300078281140064
110959,0.172898175340875,0.0527653754323974,0.293763947751894
111175,-0.967574535978972,-0.390070204979893,-0.750029507209955
112405,0.159645811707313,0.445998631998166,0.329616295676767
114602,0.773426584221309,-0.347341310301164,-2.37598158606666
114644,-1.58372043393659,-4.83226048959762,0.16461453580048
114664,-0.470898189040782,0.62932407388172,-0.764830106494648
114863,-1.14817134374327,-0.519271750490739,-0.315065393044341
116939,-0.51459612642933,-0.662921134078904,-0.388272149501355
142681,0.673977387641739,-3.05163139830492,0.115801898562187
170484,0.132445946585785,-6.8659012229667,-0.00250978220411294
170745,-1.01986309498156,-4.90418698603456,-0.367751089612305
170750,0.227534176551494,0.3131917015834,0.337791252284347
170752,-4.20059826979967,-0.875745393288584,-1.11075871438974
170761,0.0283772312271307,-0.0249976021522814,-0.392021367729419
170765,0.367857440555171,-1.64736107411367,0.529901706287085
170789,0.261642795088002,-0.458962580588197,0.0848929557671072
170799,1.58778697477522,0.121252596425042,-4.35642103093658
171166,-0.494898758049978,-3.74538054064919,-1.08702373918318
192136,-0.475095080708129,-0.680976098047196,1.55114743070717
192169,-0.393527657898926,-0.269056201608984,-0.146462124067284
192193,-0.753620201283776,0.316812197520647,-0.451436987220195
192653,-4.74920116733599,-2.80010282082742,-0.00999622183335795
192678,0.282168069472514,0.829773618182955,-0.665385350733487
192970,0.135855144621128,-1.63897559649405,0.679235239390998
193742,0.198547846821533,-0.0859088642941411,0.0198202726781595
193813,-0.0368039949496179,0.509374190654624,0.0939803554225103
194974,0.0168077328222837,-0.320998294353996,0.676185604091576
207215,-0.385137994153998,-1.07820938109389,-0.361775785761356
207683,-0.105232301757995,-3.0735841455439,0.457710259372201
207806,-0.364311261949709,-0.681967552329937,-0.180080094400224
208092,0.200663551056225,0.410491326971983,-0.144692683432937
208647,0.52442219884668,-0.0755268477829817,0.675394062737727
208922,-2.23181534395041,-1.3601135148397,-0.662003465754346
209018,0.265857922805298,-0.0274419970775937,-0.0765599407782704
209456,0.417961079910197,-0.197307562962529,-0.249731541773811
209558,-1.27869931223829,5.36413485621311,1.00635949548495
209645,-0.166441298553626,-0.394481788996705,-0.768492789610828
209692,-1.13250506354001,-0.498479407958454,0.860655434213185
210530,-1.87959769282513,0.362014228654504,-2.69851813926529
211255,-0.430854413042553,-0.31928865095594,-0.108578854051566
211347,-0.381509439090995,-0.419139684288445,0.0690914257634053
211389,-0.646693366041299,-1.02849805196848,-0.133333522949294
211739,0.00948334006589249,-0.271580825846341,-0.17305307960212
211798,-0.415803042208092,-0.164812321150074,0.806124030051477
212307,-0.456555765406587,1.10981296706761,-0.614708869979875
212390,-0.620425220140904,-0.416217021179196,-1.06316766583024
212647,-1.11618594905039,-1.60451170418143,-0.0456031077434157
212862,-0.290990051904496,-0.491873232370551,-0.983856977450277
212933,-0.830970050091954,-2.05961680530958,-0.486560989042454
212980,-1.3862246356307,-0.838388686001136,0.255328478238811
213498,1.0324812769433,-0.183257792397329,-0.0106091732594118
213760,0.217451768149738,-0.570134029165483,-0.0198527728303855
214048,-1.07630394761302,-0.00818083709492895,0.473391176820008
214579,-0.961984523066832,-0.867555635365843,-0.139336940642889
214895,0.0214107405683626,0.182635052524646,0.0714196935118853
215445,0.15154130949966,-0.187316916843609,-0.460510086881434
215456,0.524570157046206,0.696387161092575,0.23163391241739
215707,-0.33316463776992,0.143142244673505,-0.843790125785919
215951,-0.25935236379431,-0.653013813415351,-0.0358822644649607
216225,-0.0895046679969716,0.288361120847459,-1.45878183285553
216363,0.186046854943449,-0.679588343559774,-0.203957853720715
216440,-0.116107485223304,0.423928752920773,0.0972842391919534
217203,-0.700670840390385,0.343957411847305,0.350458408708407
217410,0.45320085976206,-0.128946325925762,-0.019531105171145
217463,0.0385004073384836,-0.219491845548472,0.136484411024659
217666,-0.628364673330236,-1.46880835875849,0.791709228429626
217682,0.022979053019644,-3.98334545300449,-0.355294896561371
218734,-0.33141900576816,-0.776226997056258,0.64232884466899
218865,-0.244386751208276,-1.14070874340677,-0.063011507954357
219181,-0.431420681444782,-0.307016418353201,-0.533587302784251
219189,-0.660529188445799,-1.01186510713485,-0.159885855960483
219228,1.49291242862723,2.15759191517761,-1.36128484094838
223332,-2.9826562868773,-6.37004080735962,-1.36740546562305
223337,-1.28675200284041,-2.53301415829655,0.00378373563259276
223455,0.117688142409981,0.132695295014374,0.506835372132952
223646,-0.0369148648080077,-0.476498751001932,0.281293819050355
223665,-0.271455513567134,-0.137773463684855,0.228687520251538
223776,-0.60267855198644,-0.346501058659412,-0.234967311176418
224020,0.184536585840997,-0.466151322580889,-0.280954160691345
224647,0.27205548280136,0.360619757150519,-0.340155485464285
224703,0.223809176482348,0.394630856562709,-0.61300720425672
224796,0.969275365974838,-2.86609633312761,-4.35712758893077
225341,-0.719701485018583,-0.301491622935951,-2.87576052191623
226243,-2.06369767978823,0.332884685831045,0.92541509542813
226255,-1.51528715696104,-3.52303989007681,-0.0710289524949585
226548,0.306665242232973,0.024479611450785,0.427275828219427
226646,0.264353244776326,-0.669890669852952,0.436639137749239
226654,-0.0664677390056696,-0.693964530113134,-0.345663056912008
226971,-0.0830938576548043,-0.838033166906642,-0.345933900997651
226999,-0.184837204625903,-5.64282289391334,0.797041104935699
227154,-0.745016192457332,-0.13364962545149,0.15974427314336
227731,-1.3004132155199,-2.00790879780193,-1.40561685419374
227937,0.393696801496825,-0.924948381483375,0.15341996929197
228061,-0.0819561360230354,0.317334849302451,0.191746789296704
228357,0.516338558716928,0.903446934432656,-0.87512881521936
228852,-0.374539829492349,-0.414634551632785,-1.21262221643489
229211,0.0655340999592021,0.00937070326777528,0.00990353696766958
229487,-0.279050792507681,-0.30946670872153,0.195036937838609
229599,1.00414653461055,0.99036455853651,0.916758460789559
229663,-0.0412763981678639,-0.133272330607617,-0.231892335751554
229699,-2.21273384159801,-0.0429970433516755,-0.245717488864278
229782,-0.634591852579375,-0.341640109072071,0.106093276297279
229905,-0.129538735593466,-0.731807052890832,0.0652144714674883
230099,-1.24654252960476,8.59650477846117,3.39776715873617
230163,-2.89475634716124,-4.52308770045151,0.383014311628175
230558,-2.43658141944723,-0.302877820969809,-0.306676380521401
230579,-2.53408203218998,-3.05239484098486,0.360481899061896
230612,-0.341407259160043,0.992597809779949,-2.88008646043179
230810,0.477205897424403,-4.30422427063817,0.637413731730573
231050,0.346185270454954,-0.128312720134742,-0.0727532056040916
231070,-0.872567693946635,-0.52033357029368,-1.20602735222653
231296,0.32999460836059,1.02404239880276,0.446927244448509
231549,0.315133987526495,-0.212702933109912,0.5370035425438
231583,-0.418327850745309,-0.198920596276225,0.425193374261701
231832,-0.000475532385914584,-0.349058884419313,2.33996241379447
231876,0.18891061092787,0.274380490837013,-0.122121887797993
232078,-0.607432707067213,0.0688423233593879,0.356211215980651
232086,0.113168638158032,0.304374397111288,0.0919988583707622
232371,-1.69429596818493,0.696549221590552,-0.154829600432076
232430,-0.716896663359927,0.0144551208255072,-0.557089902601221
232493,-3.68913032926377,-0.220975082845182,-0.138682659359808
233038,0.0166676526886021,-2.9565286291929,1.77766653173817
233080,-0.30950765362399,0.794592452843189,-0.0743984799524682
233315,-0.373327434370813,-1.1260921514916,-1.08180314312457
233549,-3.84187576208789,-3.67328032026955,0.447249132318073
233799,-1.35322377749824,0.35617340875614,-0.508388071592983
233805,-1.21533682570263,0.542451009496027,-0.3976131825456
233836,1.04583147563669,-2.48085068202571,0.197537779813066
234076,1.03317980939048,-0.240083747003622,0.354224764367051
234267,-3.88670941831657,-1.39631552303124,-4.67786974897122
235043,-0.237003656361362,0.331790555969536,0.0256228527400649
235135,0.512482571224598,-4.17639275898918,1.01447493564574
235169,-0.432868469718653,-0.509242144862968,0.524647909554435
235283,0.115326620129185,-0.859312484593372,0.239663486503468
235493,-0.449833911472003,0.249407773832131,0.0595312327996498
235527,-1.88893327889012,0.0210687656306927,-1.26695673950269
235582,-0.737809995075624,-0.780074067017738,-0.320357200438333
236794,0.430251917348652,-0.210376964239009,-0.0775423081204865
236798,-0.255708743213879,0.0635303735199322,-0.849183077175972
236900,-0.526175401604461,-0.00653660830343208,0.379691750362804
237320,-2.67868485421613,-1.20118314558684,-0.53322016553111
237387,-1.24252604169121,-0.262931601896611,-0.9115678077536
237542,-0.345500219624697,-0.240387877284021,0.111065888488524
238673,-0.325205401072264,-0.127973806533184,1.03901439764627
239283,-0.0212914919228551,-5.01504827536641,-0.753471242778061
239606,-0.646210637286698,-0.772284071616307,-0.240122193444391
240168,0.314612105216878,1.07391914687183,-0.0387941809384702
240753,0.00615842471111942,-1.07728098153088,1.19875995337523
241303,-0.144002996758763,2.35486574276495,-0.799465260750897
241612,-0.94572400718215,-0.577239332649216,0.737406689371378
242509,-0.124640289610131,-0.0356731768908484,-0.278926208827767
242653,0.537228506091004,-6.18893491484488,-0.514790457500346
243755,0.262047473422986,0.0446019446638951,-0.256146872289159
244373,-0.62365319809582,-0.608775560861287,0.185301649458148
244421,-1.17950015701813,-0.198875375826855,-0.834694776002668
244757,-0.966161062127878,0.171017751138068,1.00245347616787
245847,0.453938720823257,0.617453078096429,-0.0789711066222947
245945,-0.409178545057175,-0.951225334678286,0.180742163454922
246277,-1.59535622534903,0.246031885185847,-0.121543435356235
246691,-0.102622976474688,-0.71846328161117,-0.0085424818420541
246694,-1.54231529120886,-0.186301156716928,-0.952614818674544
246738,-0.389755376553978,-1.22197613394031,-0.117122806921433
246787,0.29713087288708,-3.86971385192516,-0.649203835254777
252837,-0.790913191463242,0.401796009857431,-2.32194432926977
252864,0.394578165470452,-2.97786147257836,-0.369331000660468
266645,-1.17609512934498,0.516561349606513,0.72093654827835
268566,-1.33398878326532,-1.34604680288936,-0.207380292237892
268663,-4.0814869603437,0.458367147425623,0.985890636889749
268709,-0.589351188870124,-1.70876794736724,-4.44476453493175
268782,-2.690194075689,-0.260441984739446,0.128985205825047
268860,-1.92507317933687,-2.31942677592211,-0.436775800199976
269132,0.0984436054908114,-0.948029724439036,-1.79139517804113
269344,0.559216096953786,-0.6630178808524,0.455982498393294
269378,0.0293876572401321,-0.297859881258271,0.852535481500987
269423,-0.75621747706254,-0.243349573963885,0.172569528863522
270076,-1.31872570187047,-0.867115102809263,0.051214589786183
270151,-0.0102533477122373,-0.0971163557232248,-0.13640588180616
270166,-0.852920059933062,-0.526684491510876,0.12470458797018
270190,-1.84712354700007,-0.481298489787941,1.00831872104525
271711,0.584840025441725,-0.71724352109549,0.136510573445303
272428,-2.62789611811408,1.62095314580232,-1.31978794593603
272589,-0.457614507596257,-0.366445316948946,-0.538446789281437
319176,0.434070774576411,-0.213400915629944,0.719127182197592
319192,0.19483694825373,0.075259498787396,0.0648225726860793
319263,-0.250368573804668,-0.69061897163079,-0.310348565950748
319625,-0.621865053597918,-0.846269841175604,0.178143611316582
319876,-1.16390735163319,-2.3974748399821,-0.994813772434081
320256,-0.929268096194017,-0.894914628876525,-1.57512183387946
320343,-0.508507617450371,-3.79549794164494,0.206824863399229
320415,-1.06683258198397,-0.330169366715264,-1.1631555326688
320709,0.315189035906584,-0.594233311894342,0.984179798276352
320981,0.272217760901131,-3.90680559330028,-0.913187839070469
328035,-1.23657736701232,-1.94844262767598,0.963609268239498
328258,-0.935016336411295,-1.82354608892366,0.816655106460448
329828,-0.472666581757773,-1.41032688577967,0.0389968531474802
329909,0.509837013208199,-5.34339748618886,0.557052777670062
329910,-0.325920257118443,-2.32196019821799,1.21486615984592
330428,0.196791254373512,-5.79332240264137,-0.739629187191167
330657,-0.579752244066829,1.6585535672932,0.617868677520619
333088,1.20117275949838,-0.887588027278173,0.799894083250874
338320,-0.553282044606108,-0.501370374181982,0.373855017986493
338403,-5.52879142729227,-1.10879485810455,0.227985915600055
338521,-0.823321182674233,-3.24009270870802,1.52788515918859
378462,0.383853048391903,-0.612322660902828,-0.0680994745391563
380683,-1.73129480020743,0.696997109990953,-2.63366120756918
380924,-0.0978654036329119,-5.01446784918611,0.690571137191253
381259,0.522547534556942,-0.214527859958831,0.296022767923602
381534,0.540392933734567,-0.946530072386732,0.241466866042892
381629,0.146973941110848,0.121859790601207,0.226352978695704
382117,-0.382979088095277,-0.987784986219387,0.0273785702285814
384071,-0.355662434394903,-0.758759492056411,-0.840196799132533
387524,-0.221741180957843,-0.367130828119216,0.49908447780774
396184,0.603682154210575,-4.80397005137134,0.499285416580181
407243,0.322340929182851,0.524733863772485,-0.134542811955395
407786,0.100926938965528,-0.0686911934721631,-0.120876884596446
433323,-0.35857762976799,-0.530790289593907,1.29682302161952
433667,-0.136513152874911,-0.0460442389820538,0.183370212934104
433766,-0.0249716448648944,-0.42327067007423,-0.730157805386334
434203,-1.96118506886674,2.61874534441443,0.663323541594144
442801,0.583051416028589,0.523258997772975,-2.38220349893748
544963,-1.06855787740835,-0.715180648419826,-0.68987321520543
622404,0.72183541184237,0.433059312580004,-0.279687281240134
626870,0.141272608765267,-0.260152725355452,-0.866058277436813
632778,0.397988472557278,-2.63392129022298,-0.809462942641381
654812,-0.322575897187866,-2.18397149084295,-2.6754967108003
666048,-1.04573597107126,1.04009679294691,-0.503054402188459
100039795,1.59881437352948,-0.67946028163487,-0.301928107100308
100039968,-0.219141904526755,0.164353857645924,-0.65634933139681
100043057,0.172396278201282,-7.03528957043735,-0.0261450778469582
100503085,-1.07153575137873,-2.54812129412085,-0.371815055531673
100504474,-1.10777473697231,0.724586381558211,-0.136058274788302
